<?xml version="1.0" encoding="UTF-8" standalone="no"?>
<Canvas xmlns="http://www.jgrasp.org">
  <Language>Java</Language>
  <ShowTypes>false</ShowTypes>
  <Version>2</Version>
  <Grid>
    <Snap>true</Snap>
    <Show>false</Show>
  </Grid>
  <Scope id="0">
    <Name>run</Name>
    <Signature>()V</Signature>
    <DeclaringType>CircleOrbitMouse</DeclaringType>
    <Depth>1</Depth>
  </Scope>
  <Frame>
    <Bounds>
      <AutoSize>true</AutoSize>
      <X>90</X>
      <Y>40</Y>
      <W>151</W>
      <H>45</H>
    </Bounds>
    <LabelLoc>
      <WO>false</WO>
    </LabelLoc>
    <Viewer>
      <ScopeID>0</ScopeID>
      <Expression>CircleOrbitMouse.playerXVelocity</Expression>
      <ViewerClass>jgrasp_viewers._X_ElementView</ViewerClass>
    </Viewer>
  </Frame>
  <Size>
    <W>836</W>
    <H>238</H>
  </Size>
  <ESize>
    <W>836</W>
    <H>238</H>
  </ESize>
</Canvas>
